{
  "majors": [
    {
      "id": "1",
      "name": "Chuyên ngành Lập trình Web 💻",
      "content": "Ngày nay, website là công cụ giúp doanh nghiệp giới thiệu thương hiệu, quảng bá sản phẩm, kinh doanh trực tuyến. Chuyên ngành Lập trình Web tại FPT Polytechnic đào tạo lập trình viên với công nghệ mới nhất để thiết kế, lập trình và phát triển Website chuyên nghiệp."
    },
    {
      "id": "2",
      "name": "Chuyên ngành Lập trình Game 🎮",
      "content": "Ngành công nghiệp Game đang phát triển mạnh mẽ trên toàn cầu, nhu cầu nhân lực trong lĩnh vực Game đang tăng nhanh chóng. Các công ty lớn như GameLoft, VNG, FPT Online, VTC,... đang săn đón các lập trình viên chuyên ngành Lập trình Game có tay nghề cao."
    },
    {
      "id": "660e",
      "name": "test",
      "content": "test"
    }
  ]
}