{
  "majors": [
    {
      "id": "1",
      "name": "Chuyên ngành Lập trình Web 💻",
      "content": "Ngày nay, website là công cụ giúp doanh nghiệp giới thiệu thương hiệu, quảng bá sản phẩm, kinh doanh trực tuyến. Chuyên ngành Lập trình Web tại FPT Polytechnic đào tạo lập trình viên với công nghệ mới nhất để thiết kế, lập trình và phát triển Website chuyên nghiệp.",
      "questions": [
        "💠 Lập trình Website với HTML, CSS, JavaScript, NodeJS, VueJS, React, PHP",
        "💠 Xây dựng Website cho doanh nghiệp, Website thương mại điện tử",
        "💠 Công nghệ SEO Website, quảng bá và Marketing Online",
        "💠 Bảo trì hệ thống Website, tối ưu mã nguồn hệ thống"
      ]
    },
    {
      "id": "2",
      "name": "Chuyên ngành Lập trình Game 🎮",
      "content": "Ngành công nghiệp Game đang phát triển mạnh mẽ trên toàn cầu, nhu cầu nhân lực trong lĩnh vực Game đang tăng nhanh chóng. Các công ty lớn như GameLoft, VNG, FPT Online, VTC,... đang săn đón các lập trình viên chuyên ngành Lập trình Game có tay nghề cao.",
      "questions": [
        "🔹 Lập trình và phát triển Game trên Mobile và PC",
        "🔹 Ứng dụng công cụ phát triển Game Unity với ngôn ngữ C#",
        "🔹 Thiết kế đồ họa nhân vật Game, hiệu ứng và âm thanh cho Game",
        "🔹 Xây dựng kịch bản, cốt truyện trong Game, tối ưu hiệu suất Game",
        "🔹 Lập trình Game 2D và 3D, kiểm thử Game 2D và 3D"
      ]
    }
  ]
}
